PIH,0
TURN,0
FLWS,0
FCCY,0
SRCE,0
VNET,0
TWOU,0
JOBS,0
CAFD,0
EGHT,0
AVHI,0
SHLM,0
AAON,0
ABAX,0
ABEO,0
ABEOW,0
ABIL,0
ABMD,0
ABLX,0
AXAS,0
ACIU,0
ACIA,0
ACTG,0
ACHC,0
ACAD,0
ACST,0
AXDX,0
XLRN,0
ANCX,0
ARAY,0
ACRX,0
ACER,0
ACERW,0
ACET,0
AKAO,0
ACHV,0
ACHN,0
ACIW,0
ACRS,0
ACMR,0
ACNB,0
ACOR,0
SQZZ,0
ATVI,0
ACTA,0
ACXM,0
ADMS,0
ADMP,0
ADAP,0
ADUS,0
AEY,0
IOTS,0
ADMA,0
ADBE,0
ADOM,0
ADTN,0
ADRO,0
AAAP,0
ADES,0
AEIS,0
AMD,0
ADXS,0
ADXSW,0
ADVM,0
ACT,0
AEGN,0
AGLE,0
AEHR,0
AMTX,0
AERI,0
AVAV,0
AEZS,0
AEMD,0
GNMX,0
AFMD,0
AGEN,0
AGRX,0
AGYS,0
AGIO,0
AGNC,0
AGNCB,0
AGNCN,0
AGFS,0
AGFSW,0
ALRN,0
AIMT,0
AIRT,0
ATSG,0
AIRG,0
AMCN,0
AKAM,0
AKTX,0
AKCA,0
AKBA,0
AKER,0
AKRX,0
AKTS,0
ALRM,0
ALSK,0
ALBO,0
ABDC,0
ALDR,0
ALDX,0
ALXN,0
ALCO,0
ALGN,0
ALIM,0
ALJJ,0
ALKS,0
ABTX,0
ALGT,0
ALNA,0
AHGP,0
AMMA,0
ARLP,0
AHPI,0
AMOT,0
ALQA,0
ALLT,0
MDRX,0
AFAM,0
ALNY,0
AOSL,0
GOOG,0
GOOGL,0
SMCP,0
ATEC,0
ALPN,0
SWIN,0
AABA,0
ALTR,0
ALT,0
ASPS,0
AIMC,0
AMAG,0
AMRN,0
AMRK,0
AMZN,0
AMBC,0
AMBCW,0
AMBA,0
AMCX,0
DOX,0
AMDA,0
AMED,0
UHAL,0
AMRH,0
AMRHW,0
ATAX,0
AMOV,0
AAL,0
ACSF,0
AETI,0
AMNB,0
ANAT,0
AOBC,0
APEI,0
ARII,0
AMRB,0
AMSWA,0
AMSC,0
AMWD,0
CRMT,0
ABCB,0
AMSF,0
ASRV,0
ASRVP,0
ATLO,0
AMGN,0
FOLD,0
AMKR,0
AMPH,0
IBUY,0
ASYS,0
AFSI,0
AMRS,0
ADI,0
ALOG,0
ANAB,0
AVXL,0
ANCB,0
ANDA,0
ANDAR,0
ANDAU,0
ANDAW,0
ANGI,0
ANGO,0
ANIP,0
ANIK,0
ANSS,0
ATRS,0
ANTH,0
APLS,0
APOG,0
APEN,0
AINV,0
AMEH,0
APPF,0
APPN,0
AAPL,0
ARCI,0
APDN,0
APDNW,0
AGTC,0
AMAT,0
AAOI,0
AREX,0
APTI,0
APRI,0
APVO,0
APTO,0
AQMS,0
AQB,0
AQXP,0
ARDM,0
ARLZ,0
PETX,0
ABUS,0
ARCW,0
ABIO,0
RKDA,0
ARCB,0
ACGL,0
ACGLO,0
ACGLP,0
APLP,0
FUV,0
ARCT,0
ARDX,0
ARNA,0
ARCC,0
ARGX,0
AGII,0
AGIIL,0
ARGS,0
ARKR,0
ARTX,0
ARQL,0
ARRY,0
ARRS,0
DWCR,0
DWAT,0
AROW,0
ARWR,0
ASNS,0
ARTNA,0
ARTW,0
ASNA,0
ASND,0
ASCMA,0
APWC,0
ASML,0
ASPU,0
AZPN,0
ASMB,0
ASFI,0
ASTE,0
ATRO,0
ALOT,0
ASTC,0
ASUR,0
ASV,0
ATAI,0
ATRA,0
ATHN,0
ATNX,0
ATHX,0
ATAC,0
ATACR,0
ATACU,0
AAME,0
ACBI,0
ACFC,0
AY,0
ATLC,0
AAWW,0
AFH,0
AFHBL,0
TEAM,0
ATNI,0
ATOM,0
ATOS,0
ATRC,0
ATRI,0
ATTU,0
LIFE,0
AUBN,0
BOLD,0
AUDC,0
AUPH,0
EARS,0
ADSK,0
ADP,0
AUTO,0
AVDL,0
ATXI,0
AVEO,0
AVXS,0
AVNW,0
CDMO,0
CDMOP,0
AVID,0
AVGR,0
AVIR,0
CAR,0
AHPA,0
AHPAU,0
AHPAW,0
AWRE,0
ACLS,0
AXGN,0
AAXN,0
AXON          ,0
AXSM,0
AXTI,0
AYTU,0
AZRX,0
BCOM,0
RILY,0
RILYG,0
RILYL,0
RILYZ,0
BOSC,0
BIDU,0
BCPC,0
BWINA,0
BWINB,0
BLDP,0
BANF,0
BANFP,0
BCTF,0
BAND,0
BKMU,0
BOCH,0
BMRC,0
BKSC,0
BOTJ,0
OZRK,0
BFIN,0
BWFG,0
BANR,0
BZUN,0
TAPR,0
BHAC,0
BHACR,0
BHACU,0
BHACW,0
BBSI,0
BSET,0
BYBK,0
BV,0
BCBP,0
BECN,0
BSF,0
BBGI,0
BBBY,0
BGNE,0
BELFA,0
BELFB,0
BLPH,0
BLCM,0
BNCL,0
BNFT,0
BNTC,0
BNTCW,0
BYSI,0
BGCP,0
BGFV,0
BRPA,0
BRPAR,0
BRPAU,0
BRPAW,0
BASI,0
ORPN,0
BIOC,0
BCRX,0
BDSI,0
BIIB,0
BKYI,0
BIOL,0
BLFS,0
BLRX,0
BMRN,0
BMRA,0
BVXV,0
BVXVW,0
BPTH,0
BIOS,0
BSTC,0
BSPM,0
TECH,0
BEAT,0
BIVV,0
BCAC,0
BCACR,0
BCACU,0
BCACW,0
BJRI,0
BBOX,0
BRAC,0
BRACR,0
BRACU,0
BRACW,0
BLKB,0
HAWK,0
BL,0
BKCC,0
ADRA,0
ADRD,0
ADRE,0
ADRU,0
BLMN,0
BCOR,0
BLBD,0
BUFF,0
BHBK,0
BLUE,0
BKEP,0
BKEPP,0
BPMC,0
BMCH,0
BMLP,0
BOBE,0
BOFI,0
BOFIL,0
WIFI,0
BOJA,0
BOKF,0
BOKFL,0
BNSO,0
BRQS,0
BOMN,0
BPFH,0
BPFHP,0
BPFHW,0
EPAY,0
BOXL,0
BCLI,0
BBRG,0
BDGE,0
BLIN          ,0
BRID,0
BCOV,0
BHF,0
AVGO,0
BSFT,0
BVSN,0
BYFC,0
BWEN,0
BPY,0
BRKL,0
BRKS,0
BRKR,0
BMTC,0
BLMT,0
BSQR,0
BWLD,0
BLDR,0
BUR,0
CFFI,0
CHRW,0
CA,0
CCMP,0
CDNS,0
CDZI,0
CZR,0
CSTE,0
PRSS,0
CLBS,0
CHY,0
CHI,0
CCD,0
CHW,0
CGO,0
CSQ,0
CAMP,0
CVGW,0
CALA,0
CALD,0
CALM,0
CLMT,0
CLXT,0
ABCD,0
CATC,0
CAC,0
CAMT,0
CSIQ,0
CGIX,0
CPHC,0
CPLA,0
CCBG,0
CPLP,0
CSWC,0
CSWCL,0
CPTA,0
CPTAG,0
CPTAL,0
CFFN,0
CAPR,0
CSTR,0
CPST,0
CARA,0
CARB,0
CRME,0
CSII,0
CATM,0
CDNA,0
CECO,0
CTRE,0
CARG,0
CARO,0
CART,0
CRZO,0
TAST,0
CARV,0
CASM,0
CASA,0
CASC,0
CWST,0
CASY,0
CASI,0
CASS,0
CATB,0
CBIO,0
CPRX,0
CATS,0
CATY,0
CATYW,0
CVCO,0
CAVM,0
CBFV,0
CBAK,0
CBOE,0
CBTX,0
CCUR,0
CDK,0
CDW,0
CECE,0
CELC,0
CELG,0
CELGZ,0
CLDX,0
APOP,0
APOPW,0
CLRB,0
CLRBW,0
CLRBZ,0
CLLS,0
CBMG,0
CLSN,0
CELH,0
CYAD,0
CETX,0
CETXP,0
CETXW,0
CDEV,0
CSFL,0
CETV,0
CFBK,0
CENT,0
CENTA,0
CVCY,0
CENX,0
CNBKA,0
CNTY,0
CVO,0
CRNT,0
CERC,0
CERCW,0
CERN,0
CERS,0
KOOL,0
CEVA,0
CSBR,0
CYOU,0
BURG,0
CTHR,0
GTLS,0
CHTR,0
CHFN,0
CHKP,0
CHEK,0
CHEKW,0
CKPT,0
CEMI,0
CHFC,0
CCXI,0
CHMG,0
CHKE,0
CHFS,0
CHMA,0
CSSE,0
PLCE,0
CMRX,0
CADC,0
CALI,0
CAAS,0
CBPO,0
CCCL,0
CCCR,0
CCRC,0
JRJC,0
HGSH,0
CNIT,0
CIFS,0
CJJD,0
CLDC,0
HTHT,0
CHNR,0
CREG,0
CNTF,0
CXDC,0
CCIH,0
CNET,0
IMOS,0
CDXC,0
CHSCL,0
CHSCM,0
CHSCN,0
CHSCO,0
CHSCP,0
CHDN,0
CHUY,0
CDTX,0
CMCT,0
CMCTP,0
CMPR,0
CINF,0
CIDM,0
CTAS,0
CRUS,0
CSCO,0
CTRN,0
CTXR,0
CTXRW,0
CZNC,0
CZWI,0
CZFC,0
CIZN,0
CTXS,0
CHCO,0
CIVB,0
CIVBP,0
CLAR,0
CDTI,0
CLNE,0
CACG,0
YLDE,0
LRGE,0
CLFD,0
CLRO,0
CLSD,0
CLIR,0
CLIRW,0
CMTA,0
CBLI,0
CSBK,0
CLVS,0
CMFN,0
CMSS,0
CMSSR,0
CMSSU,0
CMSSW,0
CME,0
CCNE,0
CWAY,0
COBZ,0
COKE,0
CODA,0
CDXS,0
CODX,0
CVLY,0
JVA,0
CCOI,0
CGNT,0
COGT,0
CGNX,0
CTSH,0
CWBR,0
COHR,0
CHRS,0
COHU,0
CLCT,0
COLL,0
CIGI,0
CBAN,0
COLB,0
COLM,0
CMCO,0
CMCSA,0
CBSH,0
CBSHP,0
CHUBA,0
CHUBK,0
CVGI,0
COMM,0
JCS,0
ESXB,0
CFBI,0
CYHHZ,0
CTBI,0
CWBC,0
CVLT,0
CGEN,0
CPSI,0
CTG,0
CHCI,0
CMTL,0
CNAT,0
CNCE,0
CXRX,0
CDOR,0
CFMS,0
CNFR,0
CNMD,0
CTWS,0
CNOB,0
CONN,0
CNSL,0
CWCO,0
CNAC,0
CNACR,0
CNACU,0
CNACW,0
CPSS,0
CFRX,0
CTRV,0
CTRL,0
CPRT,0
CRBP,0
CORT,0
CORE,0
CORI,0
CSOD,0
CRVL,0
CRVS,0
CSGP,0
COST,0
CPAH,0
ICBK,0
COUP,0
CVTI,0
COWN,0
COWNZ,0
PMTS,0
CPSH,0
CRAI,0
CBRL,0
BREW,0
CRAY,0
CACC,0
CREE,0
CRESY,0
CRSP,0
CRTO,0
CROX,0
CCRN,0
CRWS,0
CYRX,0
CYRXW,0
CSGS,0
CCLP,0
CSPI,0
CSWI,0
CSX,0
CTIC,0
CTIB,0
CTRP,0
CUE,0
CUI,0
CPIX,0
CRIS,0
CUTR,0
CVBF,0
CVV,0
CYAN,0
CYBR,0
CYBE,0
CYCC,0
CYCCP,0
CBAY,0
CY,0
CYRN,0
CONE,0
CYTK,0
CTMX,0
CYTX,0
CYTXW,0
CTSO,0
CYTR,0
DJCO,0
DAKT,0
DARE,0
DRIO,0
DRIOW,0
DZSI,0
DSKE,0
DSKEW,0
DAIO,0
DWCH,0
PLAY,0
DTEA,0
DFNL,0
DUSA,0
DWLD,0
DWSN,0
DBVT,0
DCPH,0
DFRG,0
TACO,0
TACOW,0
DMPI,0
DELT,0
DNLI,0
DENN,0
XRAY,0
DEPO,0
DERM,0
DEST,0
DXLG,0
DSWL,0
DTRM,0
DXCM,0
DHXM,0
DHIL,0
FANG,0
DCIX,0
DRNA,0
DFBG,0
DFFN,0
DGII,0
DMRC,0
DRAD,0
DGLY,0
APPS,0
DCOM,0
DIOD,0
DISCA,0
DISCB,0
DISCK,0
DISH,0
DVCR,0
SAUC,0
DLHC,0
BOOM,0
DNBF,0
DOGZ,0
DLTR,0
DLPN,0
DLPNW,0
DGICA,0
DGICB,0
DMLP,0
DORM,0
DOVA,0
LYL,0
DOTA,0
DOTAR,0
DOTAU,0
DOTAW,0
DRYS,0
DSPG,0
DLTH,0
DNKN,0
DRRX,0
DXPE,0
DYSL,0
DYNT,0
DVAX,0
ETFC,0
EBMT,0
EGBN,0
EGLE,0
EFBI,0
EGRX,0
EWBC,0
EACQ,0
EACQU,0
EACQW,0
EML,0
EAST,0
EASTW,0
EVGBC,0
EVFTC,0
OKDCC,0
EVSTC,0
EVLMC,0
EBAY,0
EBAYL,0
EBIX,0
ELON,0
ECHO,0
SATS,0
EEI,0
ESES,0
EDAP,0
EDGE,0
EDGW,0
EDIT,0
EDUC,0
EGAN,0
EGLT,0
EHTH,0
EIGR,0
EKSO,0
LOCO,0
EMITF,0
ESLT,0
ERI,0
ESIO,0
EA,0
EFII,0
ELSE,0
ELEC,0
ELECU,0
ELECW,0
EBIO,0
DWAC,0
ESBK,0
ELTK,0
EMCI,0
EMCF,0
EMKR,0
EMMS,0
NYNY,0
ENTA,0
ECPG,0
WIRE,0
ENDP,0
ECYT,0
ELGX,0
NDRA,0
NDRAW,0
EIGI,0
WATT,0
EFOI,0
ERII,0
EXXI,0
ENG,0
ENPH,0
ESGR,0
ENFC,0
ENTG,0
ENTL,0
EBTC,0
EFSC,0
EPZM,0
PLUS,0
EQIX,0
EQFN,0
EQBK,0
ERIC,0
ERIE,0
ERYP,0
ESCA,0
ESPR,0
ESQ,0
ESSA,0
EPIX,0
ESND,0
ESTR,0
ESTRW,0
ITEQ,0
ETSY,0
CLWT,0
EEFT,0
ESEA,0
EVEP,0
EVBG,0
EVK,0
MRAM,0
EVLV,0
EVGN,0
EVOK,0
EVOL,0
EXAS,0
EXAC,0
XELA,0
EXEL,0
EXFO,0
EXLS,0
EXPE,0
EXPD,0
EXPO,0
ESRX,0
XOG,0
EXTR,0
EYEG,0
EYEGW,0
EZPW,0
FFIV,0
FB,0
DAVE,0
FANH,0
FARM,0
FMAO,0
FFKT,0
FMNB,0
FARO,0
FAST,0
FAT,0
FATE,0
FBSS,0
FCRE,0
FSAC,0
FSACU,0
FSACW,0
FNHC,0
FENC,0
GSM,0
FFBW,0
FCSC,0
FGEN,0
FDBC,0
ONEQ,0
LION,0
FDUS,0
FRGI,0
FITB,0
FITBI,0
FNGN,0
FISI,0
FNSR,0
FNJN,0
FNTE,0
FNTEU,0
FNTEW,0
FEYE,0
FBNC,0
FNLC,0
FRBA,0
BUSE,0
FBIZ,0
FCAP,0
FCFS,0
FCNCA,0
FCBC,0
FCCO,0
FBNK,0
FDEF,0
FFBC,0
FFBCW,0
FFIN,0
THFF,0
FFNW,0
FFWM,0
FGBI,0
FHB,0
INBK,0
INBKL,0
FIBK,0
FRME,0
FMBH,0
FMBI,0
FNWB,0
FSFG,0
FSLR,0
FAAR,0
FPA,0
BICK,0
FBZ,0
FTHI,0
FCAL,0
FCAN,0
FTCS,0
FCEF,0
FCA,0
SKYY,0
RNDM,0
FDT,0
FDTS,0
FVC,0
FV,0
IFV,0
DWPP,0
FEM,0
RNEM,0
FEMB,0
FEMS,0
FTSM,0
FEP,0
FEUZ,0
FGM,0
FTGC,0
FTLB,0
HYLS,0
FHK,0
FTAG,0
FTRI,0
FPXI,0
YDIV,0
FJP,0
FEX,0
FTC,0
RNLC,0
FTA,0
FLN,0
LMBS,0
FMB,0
FMK,0
FNX,0
FNY,0
RNMC,0
FNK,0
FAD,0
FAB,0
MDIV,0
MCEF,0
FMHI,0
QABA,0
FTXO,0
QCLN,0
GRID,0
CIBR,0
FTXG,0
CARZ,0
FTXN,0
FTXH,0
FTXD,0
FTXL,0
FONE,0
TDIV,0
FTXR,0
QQEW,0
QQXT,0
QTEC,0
AIRR,0
QINC,0
RDVY,0
RFAP,0
RFDI,0
RFEM,0
RFEU,0
FTSL,0
FYX,0
FYC,0
RNSC,0
FYT,0
SDVY,0
FKO,0
FCVT,0
FDIV,0
FSZ,0
FTW,0
FIXD,0
TUSA,0
FKU,0
RNDV,0
FUNC,0
FUSB,0
SVVC,0
FSV,0
FISV,0
FIVE,0
FPRX,0
FVE,0
FIVN,0
FLEX,0
FLKS,0
FLXN,0
SKOR,0
LKOR,0
MBSD,0
ASET,0
ESGG,0
ESG,0
QLC,0
FPAY,0
FLXS,0
FLIR,0
FLDM,0
FFIC,0
FNBG,0
FOMX,0
FOGO,0
FONR,0
FSCT,0
FRSX,0
FORM,0
FORTY,0
FORR,0
FRTA,0
FTNT,0
FBIO,0
FBIOP,0
FMCI,0
FMCIR,0
FMCIU,0
FMCIW,0
FWRD,0
FORD,0
FWP,0
FOSL,0
FMI,0
FOXF,0
FRAN,0
FELE,0
FRED,0
RAIL,0
FEIM,0
FRPT,0
FTEO,0
FTR,0
FTRPR,0
FRPH,0
FSBW,0
FSBC,0
FTD,0
FTEK,0
FCEL,0
FLGT,0
FORK,0
FLL,0
FULT,0
FNKO,0
FSNN,0
FTFT,0
FFHL,0
WILC,0
GTHX,0
FOANC,0
MOGLC,0
GAIA,0
GLPG,0
GALT,0
GLMD,0
GLPI,0
GPIC,0
GRMN,0
GARS,0
GDS,0
GEMP,0
GENC,0
GNCMA,0
GFN,0
GFNCP,0
GFNSL,0
GENE,0
GNUS,0
GNMK,0
GNCA,0
GHDX,0
GNTX,0
THRM,0
GEOS,0
GABC,0
GERN,0
GEVO,0
ROCK,0
GIGM,0
GIII,0
GILT,0
GILD,0
GBCI,0
GLAD,0
GLADN,0
GOOD,0
GOODM,0
GOODO,0
GOODP,0
GAIN,0
GAINM,0
GAINN,0
GAINO,0
LAND,0
LANDP,0
GLBZ,0
GBT,0
ENT,0
GBLI,0
GBLIL,0
GBLIZ,0
GPAC,0
GPACU,0
GPACW,0
SELF,0
GWRS,0
KRMA,0
FINX,0
BFIT,0
SNSR,0
LNGR,0
MILN,0
EFAS,0
QQQC,0
BOTZ,0
CATH,0
SOCL,0
ALTY,0
SRET,0
YLCO,0
GLBS,0
GLUU,0
GLYC,0
GOGO,0
GLNG,0
GMLP,0
GMLPP,0
GDEN,0
GOGL,0
GBDC,0
GTIM,0
GPRO,0
GSHT,0
GSHTU,0
GSHTW,0
GOV,0
GOVNI,0
LOPE,0
GRVY,0
GECC,0
GECCL,0
GEC,0
GLDD,0
GSBC,0
GNBC,0
GRBK,0
GPP,0
GPRE,0
GCBC,0
GLRE,0
GSUM,0
GRIF,0
GRFS,0
GRPN,0
OMAB,0
GGAL,0
GSIT,0
GSVC,0
GTXI,0
GTYH,0
GTYHU,0
GTYHW,0
GBNK,0
GNTY,0
GFED,0
GIFI,0
GURE,0
GPOR,0
GWPH,0
GWGH,0
GYRO,0
HEES,0
HLG,0
HNRG,0
HALL,0
HALO,0
HBK,0
HLNE,0
HBHC,0
HBHCL,0
HJLI,0
HAFC,0
HQCL,0
HONE,0
HDNG,0
HLIT,0
HFGIC,0
HBIO,0
HCAP,0
HCAPZ,0
HAS,0
HA,0
HCOM,0
HWKN,0
HWBK,0
HYAC,0
HYACU,0
HYACW,0
HAYN,0
HDS,0
HIIQ,0
HCSG,0
HQY,0
HSTM,0
HTLD,0
HTLF,0
HTBX,0
HEBT,0
HSII,0
HELE,0
HMNY,0
HMTV,0
HNNA,0
HSIC,0
HTBK,0
HFWA,0
HCCI,0
MLHR,0
HRTX,0
HSKA,0
HX,0
HIBB,0
SNLN,0
HPJ,0
HIHO,0
HIMX,0
HIFS,0
HSGX,0
HMNF,0
HMSY,0
HOLI,0
HOLX,0
HBCP,0
HOMB,0
HFBL,0
HMST,0
HMTA,0
HTBI,0
HOFT,0
HOPE,0
HFBC,0
HBNC,0
HZNP,0
HRZN,0
DAX,0
QYLD,0
HDP,0
HPT,0
TWNK,0
TWNKW,0
HMHC,0
HWCC,0
HOVNP,0
HBMD,0
HTGM,0
HUBG,0
HSON,0
HDSN,0
HUNT,0
HUNTU,0
HUNTW,0
HBAN,0
HBANN,0
HBANO,0
HBANP,0
HURC,0
HURN,0
HCM,0
HBP,0
HVBC,0
HYGS,0
IDSY,0
IAC,0
IAM,0
IAMXR,0
IAMXW,0
IBKC,0
IBKCO,0
IBKCP,0
ICAD,0
IEP,0
ICCH,0
ICFI,0
ICHR,0
ICLK,0
ICLR,0
ICON,0
ICUI,0
IPWR,0
INVE,0
IDRA,0
IDXX,0
IESC,0
IROQ,0
IFMK,0
RXDX,0
INFO,0
IIVI,0
KANG,0
IKNX,0
ILG,0
ILMN,0
ISNS,0
IMMR,0
ICCC,0
IMDZ,0
IMNP          ,0
IMGN,0
IMMU,0
IMRN,0
IMRNW,0
IMMP,0
IPXL,0
IMPV,0
PI,0
IMMY,0
INCY,0
INDB,0
IBCP,0
IBTX,0
INDU,0
INDUU,0
INDUW,0
ILPT,0
IDSA,0
INFN,0
INFI,0
IPCC,0
IFRX,0
III,0
IFON,0
IMKTA,0
INWK,0
INOD,0
IPHS,0
IOSP,0
ISSC,0
INVA,0
INGN,0
INOV,0
INO,0
INPX,0
INSG,0
NSIT,0
ISIG,0
INSM,0
INSE,0
IIIN,0
PODD,0
INSY,0
NTEC,0
IART,0
IDTI,0
IMTE,0
INTC,0
NTLA,0
IPCI,0
IPAR,0
IBKR,0
ICPT,0
IDCC,0
TILE,0
LINK,0
IMI,0
INAP,0
IBOC,0
ISCA,0
IGLD,0
IIJI,0
IDXG,0
XENT,0
INTX,0
IVAC,0
INTL,0
ITCI,0
IIN,0
INTU,0
ISRG,0
ISTR,0
ISBC,0
ITIC,0
NVIV,0
IVTY,0
IONS,0
IOVA,0
IPAS,0
DTYS,0
DTYL,0
DTUS,0
DTUL,0
DFVS,0
DFVL,0
FLAT,0
DLBS,0
DLBL,0
STPP,0
IPGP,0
CLRG,0
CSML,0
IRMD,0
IRTC,0
IRIX,0
IRDM,0
IRDMB,0
IRBT,0
IRWD,0
IRCP,0
PMPT,0
SLQD,0
CSJ,0
ISHG,0
SHY,0
TLT,0
IEI,0
IEF,0
AIA,0
COMT,0
ISTB,0
IXUS,0
IUSG,0
IUSV,0
IUSB,0
HEWG,0
SUSB,0
SUSC,0
XT,0
FALN,0
IFEU,0
IFGL,0
IGF,0
GNMA,0
HYXE,0
CIU,0
IGOV,0
EMB,0
MBB,0
JKI,0
ACWX,0
ACWI,0
AAXJ,0
EWZS,0
MCHI,0
ESGD,0
SCZ,0
ESGE,0
EEMA,0
EMXC,0
EUFN,0
IEUS,0
RING,0
MPCT,0
ENZL,0
QAT,0
TUR,0
UAE,0
ESGU,0
IBB,0
SOXX,0
AMCA,0
EMIF,0
ICLN,0
WOOD,0
INDY,0
IJT,0
DVY,0
SHV,0
CRED,0
PFF,0
ISRL,0
ITI,0
ITRI,0
ITRN,0
ITUS,0
IVENC,0
IVFGC,0
IVFVC,0
IXYS,0
IZEA,0
JJSF,0
MAYS,0
JBHT,0
JCOM,0
JASO,0
JKHY,0
JACK,0
JXSB,0
JAGX,0
JAKK,0
JMBA,0
JRVR,0
SGQI,0
JSML,0
JSMD,0
JASN,0
JASNW,0
JAZZ,0
JD,0
JSYN,0
JSYNR,0
JSYNU,0
JSYNW,0
JBLU,0
JTPY,0
JCTCF,0
WYIG,0
WYIGU,0
WYIGW,0
JMU,0
JBSS,0
JOUT,0
JNCE,0
JNP,0
JUNO,0
KTWO,0
KALU,0
KALA,0
KALV,0
KMDA,0
KNDI,0
KPTI,0
KAAC,0
KAACU,0
KAACW,0
KZIA,0
KBLM,0
KBLMR,0
KBLMU,0
KBLMW,0
KBSF,0
KCAP,0
KCAPL,0
KRNY,0
KELYA,0
KELYB,0
KMPH,0
KFFB,0
KERX,0
KEQU,0
KTEC,0
KTCC,0
KFRC,0
KE,0
KBAL,0
KIN,0
KGJI,0
KINS,0
KONE,0
KNSL,0
KIRK,0
KTOV,0
KTOVW,0
KLAC,0
KLXI,0
KONA,0
KOPN,0
KRNT,0
KOSS,0
KWEB,0
KTOS,0
KRYS,0
KLIC,0
KURA,0
KVHI,0
FSTR,0
LJPC,0
LSBK,0
LBAI,0
LKFN,0
LAKE,0
LRCX,0
LAMR,0
LANC,0
LCA,0
LCAHU,0
LCAHW,0
LNDC,0
LARK,0
LMRK,0
LMRKO,0
LMRKP,0
LE,0
LSTR,0
LNTH,0
LTRX,0
LSCC,0
LAUR,0
LAWS,0
LAYN,0
LCNB,0
LBIX,0
LPTX,0
LGCY,0
LGCYO,0
LGCYP,0
LTXB,0
DDBI,0
EDBI,0
INFR,0
LVHD,0
SQLV,0
UDBI,0
LACQ,0
LACQU,0
LACQW,0
LMAT,0
TREE,0
LXRX,0
LX,0
LGIH,0
LHCG,0
LLIT,0
LBRDA,0
LBRDK,0
LEXEA,0
LEXEB,0
LBTYA,0
LBTYB,0
LBTYK,0
LVNTA,0
LVNTB,0
QVCA,0
QVCB,0
LILA,0
LILAK,0
BATRA,0
BATRK,0
FWONA,0
FWONK,0
LSXMA,0
LSXMB,0
LSXMK,0
TAX,0
LTRPA,0
LTRPB,0
LPNT,0
LCUT,0
LFVN,0
LWAY,0
LGND,0
LTBR,0
LPTH,0
LLEX,0
LMB,0
LLNW,0
LMNR,0
LINC,0
LECO,0
LIND,0
LINDW,0
LINU,0
LPCN,0
LQDT,0
LFUS,0
LIVN,0
LOB,0
LIVE,0
LPSN,0
LKQ,0
LMFA,0
LMFAW,0
LOGI,0
LOGM,0
CNCR,0
LONE,0
LBCC,0
LFIN,0
LOOP,0
LORL,0
LOXO,0
LPLA,0
LRAD,0
LYTS,0
LULU,0
LITE,0
LMNX,0
LUNA,0
LBC,0
MBTF,0
MACQ,0
MACQU,0
MACQW,0
MIII,0
MIIIU,0
MIIIW,0
MBVX,0
MCBC,0
MFNC,0
MTSI,0
MGNX,0
MDGL,0
MAGS,0
MGLN,0
MGIC,0
CALL,0
MNGA,0
MGYR,0
MHLD,0
MSFG,0
MMYT,0
MBUU,0
MLVF,0
MAMS,0
TUSK,0
MANH,0
LOAN,0
MNTX,0
MTEX,0
MNKD,0
MANT,0
MARA,0
MCHX,0
MARPS,0
MRNS,0
MKTX,0
MRLN,0
MAR,0
MBII,0
MRTN,0
MMLP,0
MRVL,0
MASI,0
MTCH,0
MTLS,0
MPAC,0
MPACU,0
MPACW,0
MTRX,0
MAT,0
MATR,0
MATW,0
MXIM,0
MXWL,0
MZOR,0
MBFI,0
MBFIO,0
MBFIP,0
MCFT,0
MGRC,0
MDCA,0
MFIN,0
MFINL,0
MTBC,0
MTBCP,0
MNOV,0
MDSO,0
MDGS,0
MDWD,0
MEDP,0
MEIP,0
MLCO,0
MLNT,0
MLNX,0
MELR,0
MTSL,0
MELI,0
MBWM,0
MERC,0
MBIN,0
MRCY,0
EBSB,0
MRBK,0
VIVO,0
MRDN,0
MRDNW,0
MMSI,0
MACK,0
MRSN,0
MRUS,0
MLAB,0
MESO,0
CASH,0
MEOH,0
MGEE,0
MGPI,0
MBOT,0
MCHP,0
MU,0
MICT,0
MICTW,0
MSCC,0
MSFT,0
MSTR,0
MVIS,0
MPB,0
MTP,0
MCEP,0
MBCN,0
MSEX,0
MSBI,0
MOFG,0
MIME,0
MDXG,0
MNDO,0
MB,0
NERV,0
MGEN,0
MRTX,0
MSON,0
MIND,0
MINDP,0
MITK,0
MITL,0
MKSI,0
MMAC,0
MINI,0
MOBL,0
MMDM,0
MMDMR,0
MMDMU,0
MMDMW,0
MLNK,0
MTEM,0
MBRX,0
MNTA,0
MOMO,0
MCRI,0
MDLZ,0
MGI,0
MDB,0
MPWR,0
TYPE,0
MNRO,0
MRCC,0
MNST,0
MSDI,0
MSDIW,0
MORN,0
MOSY,0
MTFB,0
MTFBW,0
MPAA,0
MPVD,0
MOXC,0
MSBF,0
MTGE,0
MTGEP,0
MTSC,0
LABL,0
MBIO,0
MFSF,0
MVBF,0
MYSZ,0
MYL,0
MYND,0
MYNDW,0
MYOK,0
MYOS,0
MYRG,0
MYGN,0
NBRV,0
NAKD,0
NNDM,0
NANO,0
NSTG,0
NAOV,0
NH,0
NK,0
NSSC,0
NDAQ,0
NTRA,0
NATH,0
NAUH,0
NKSH,0
FIZZ,0
NCMI,0
NCOM,0
NESR,0
NESRW,0
NGHC,0
NGHCN,0
NGHCO,0
NGHCP,0
NGHCZ,0
NHLD,0
NHLDW,0
NATI,0
NRCIA,0
NRCIB,0
NSEC,0
EYE,0
NWLI,0
NAII,0
NHTC,0
NATR,0
BABY,0
ISM,0
JSM,0
NAVI,0
NBTB,0
NCSM,0
NEBUU,0
NKTR,0
NEOG,0
NEO,0
NEON,0
NEOS,0
NEOT,0
NVCN,0
NEPT,0
UEPS,0
NETE,0
NTAP,0
NTES,0
NFLX,0
NTGR,0
NLST,0
NTCT,0
NTWK,0
CUR,0
NBIX,0
NURO,0
NUROW,0
NTRP,0
NBEV,0
NYMT,0
NYMTN,0
NYMTO,0
NYMTP,0
NEWA,0
NLNK,0
NMRK,0
NWS,0
NWSA,0
NEWT,0
NEWTL,0
NEWTZ,0
NXEO,0
NXEOU,0
NXEOW,0
NXST,0
NEXT,0
NEXTW,0
NFEC,0
NODK,0
EGOV,0
NICE,0
NICK,0
NCBS,0
NITE,0
NIHD,0
NMIH,0
NNBR,0
NDLS,0
NDSN,0
NSYS,0
NBN,0
NTIC,0
NTRS,0
NTRSP,0
NFBK,0
NRIM,0
NWBI,0
NWPX,0
NCLH,0
NWFL,0
NVFY,0
NVMI,0
NOVN,0
NOVT,0
NVAX,0
NVLN,0
NVCR,0
NVMM,0
NVUS,0
NUAN,0
NCNA,0
NTNX,0
NTRI,0
NUVA,0
NVTR,0
QQQX,0
NVEE,0
NVEC,0
NVDA,0
NXPI,0
NXTM,0
NXTD,0
NXTDW,0
NYMX,0
OIIM,0
OVLY,0
OCSL,0
OCSLL,0
OCSI,0
OASM,0
OBLN,0
OBSV,0
OBCI,0
OPTT,0
ORIG,0
OCFC,0
OCLR,0
OFED,0
OCUL,0
ODT,0
OMEX,0
ODP,0
OFS,0
OHAI,0
OVBC,0
OHRP,0
OKTA,0
ODFL,0
OLBK,0
ONB,0
OPOF,0
OSBC,0
OSBCP,0
OLLI,0
ZEUS,0
OFLX,0
OMER,0
OMNT,0
OMCL,0
ON,0
OTIV,0
ONS,0
ONSIW,0
ONSIZ,0
OMED,0
ONTX,0
ONTXW,0
ONCS,0
OHGI,0
OTEX,0
OPGN,0
OPGNW,0
OPHT,0
OPNT,0
OPK,0
OBAS,0
OCC,0
OPHC,0
OPTN,0
OPB,0
ORMP,0
OSUR,0
ORBC,0
ORBK,0
ORLY,0
OREX,0
ONVO,0
SEED,0
OACQ,0
OACQR,0
OACQU,0
OACQW,0
OESX,0
ORIT,0
ORRF,0
OFIX,0
KIDS,0
OSIS,0
OSPR,0
OSPRU,0
OSPRW,0
OSN,0
OTEL,0
OTIC,0
OTTW,0
OTTR,0
OVAS,0
OSTK,0
OVID,0
OXBR,0
OXBRW,0
OXFD,0
OXLC,0
OXLCM,0
OXLCO,0
PFIN,0
PTSI,0
PCAR,0
PACB,0
PEIX,0
PMBC,0
PPBI,0
PCRX,0
PACW,0
PTIE,0
PAAS,0
PANL,0
PZZA,0
FRSH,0
PBNC,0
PRTK,0
PCYG,0
PKBK,0
PRKR,0
PKOH,0
PTNR,0
PBHC,0
PATK,0
PNBK,0
PATI,0
PEGI,0
PDCO,0
PTEN,0
PAVM,0
PAVMW,0
PAYX,0
PCTY,0
PYDS,0
PYPL,0
PBBI,0
CNXN,0
PCMI,0
PCSB,0
PCTI,0
PDCE,0
PDFS,0
PDLI,0
PDLB,0
PDVW,0
SKIS,0
PGC,0
PEGA,0
PENN,0
PVAC,0
PFLT,0
PNNT,0
PWOD,0
WRLS,0
WRLSR,0
WRLSU,0
WRLSW,0
PEBO,0
PEBK,0
PFIS,0
PBCT,0
PBCTP,0
PUB,0
PEP,0
PRCP,0
PRFT,0
PFMT,0
PERI,0
PESI,0
PPIH,0
PTX,0
PERY,0
PGLC,0
PETQ,0
PETS,0
PFSW,0
PGTI,0
PZRX,0
PHII,0
PHIIK,0
PAHC,0
PLAB,0
PICO,0
PIRS,0
PPC,0
PME,0
PNK,0
PNFP,0
PPSI,0
PXLW,0
PLYA,0
PLXS,0
PLUG,0
PLBC,0
PSTI,0
PLXP,0
PBSK,0
PNTR,0
PCOM,0
POLA,0
COOL,0
POOL,0
POPE,0
BPOP,0
BPOPM,0
BPOPN,0
PBIB,0
PTLA,0
PBPB,0
PCH,0
POWL,0
POWI,0
PLW,0
PKW,0
PFM,0
PYZ,0
PEZ,0
PSL,0
PIZ,0
PIE,0
PXI,0
PFI,0
PTH,0
PRN,0
DWLV,0
PDP,0
DWAQ,0
DWAS,0
DWIN,0
DWTR,0
PTF,0
PUI,0
IDLB,0
PRFZ,0
PAGG,0
PSAU,0
PIO,0
PGJ,0
PEY,0
IPKW,0
PID,0
KBWB,0
KBWD,0
KBWY,0
KBWP,0
KBWR,0
LDRI,0
LALT,0
PNQI,0
PDBC,0
QQQ,0
USLB,0
PSCD,0
PSCC,0
PSCE,0
PSCF,0
PSCH,0
PSCI,0
PSCT,0
PSCM,0
PSCU,0
VRIG,0
PHO,0
PRAA,0
PRAH,0
PRAN,0
PRPO,0
PFBC,0
PLPC,0
PFBI,0
PINC,0
LENS,0
PSDO,0
PRGX,0
PSMT,0
PNRG,0
PRMW,0
PRIM,0
PVAL,0
PFG,0
BTEC,0
PXUS,0
GENY,0
PSET,0
PY,0
PMOM,0
USMC,0
PSC,0
PDEX,0
IPDN,0
PFIE,0
PGNX,0
PRGS,0
PFPT,0
PRPH,0
PRQR,0
EQRR,0
BIB,0
UBIO,0
TQQQ,0
ZBIO,0
SQQQ,0
BIS,0
PSEC,0
PTGX,0
PRTO,0
PTI,0
PRTA,0
PVBC,0
PROV,0
PBIP,0
PSDV,0
PMD,0
PTC,0
PTCT,0
PULM,0
PLSE,0
PBYI,0
PCYO,0
PXS,0
QADA,0
QADB,0
QCRH,0
QGEN,0
QIWI,0
QRVO,0
QCOM,0
QSII,0
QBAK,0
QLYS,0
QTNA,0
QTRX,0
QTRH,0
QRHC,0
QUIK,0
QDEL,0
QNST,0
QUMU,0
QTNT,0
RRD,0
RCM,0
RARX,0
RADA,0
RDCM,0
RSYS,0
RDUS,0
RDNT,0
RDWR,0
METC,0
RMBS,0
RAND,0
GOLD,0
RNDB,0
RPD,0
RAVE,0
RAVN,0
RBB,0
ROLL,0
RICK,0
RCMT,0
RDI,0
RDIB,0
RGSE,0
RNWK,0
RP,0
RETA,0
RCON,0
REPH,0
RRGB,0
RRR,0
RDFN,0
RDHL,0
REGN,0
RGNX,0
RGLS,0
REIS,0
RBNC,0
RELV,0
MARK,0
RNST,0
REGI,0
ABAC,0
RCII,0
RGEN,0
RPRX,0
RBCAA,0
FRBK,0
REFR,0
RSLS,0
RESN,0
RECN,0
HAIR,0
ROIC,0
RETO,0
RTRX,0
RVNC,0
RVEN,0
RVLT,0
RWLK,0
REXX,0
RFIL,0
RGCO,0
RYTM,0
RBBN,0
RIBT,0
RIBTW,0
RELL,0
RIGL,0
RNET,0
RMNI,0
RIOT,0
REDU,0
RTTR,0
RVSB,0
RLJE,0
RMGN,0
ROBO,0
RCKT,0
RMTI,0
RCKY,0
RMCF,0
ROKU,0
ROSE,0
ROSEU,0
ROSEW,0
ROSG,0
ROST,0
RGLD,0
RPXC,0
RTIX,0
RBCN,0
RMBL,0
RUSHA,0
RUSHB,0
RUTH,0
RXII,0
RXIIW,0
RYAAY,0
STBA,0
SANW,0
SCAC,0
SCACU,0
SCACW,0
SBRA,0
SBRAP,0
SABR,0
SAEX,0
SAFT,0
SAGE,0
SAIA,0
SALM,0
SAL,0
SAFM,0
SASR,0
SGMO,0
SANM,0
GCVRZ,0
SPNS,0
SRPT,0
SVRA,0
SBFG,0
SBFGP,0
SBAC,0
SCSC,0
SMIT,0
SCHN,0
SCHL,0
SGMS,0
SCPH,0
SNI,0
SCYX,0
SEAC,0
SBCF,0
STX,0
SHIP,0
SHIPW,0
SHLD,0
SHLDW,0
SHOS,0
SPNE,0
SGEN,0
EYES,0
EYESW,0
SECO,0
SCWX,0
SNFCA,0
SEIC,0
SLCT,0
SIR,0
SELB,0
SIGI,0
SLS,0
LEDS,0
SMTC,0
SENEA,0
SENEB,0
SNES,0
SNH,0
SNHNI,0
SNHNL,0
SNMX,0
SRTS,0
SRTSW,0
STNL,0
STNLU,0
STNLW,0
SQBG,0
MCRB,0
SREV,0
SFBS,0
SSC,0
SVBI,0
SGBX,0
SGOC,0
SEII,0
SMED,0
SHSP,0
SHEN,0
PIXY,0
SHLO,0
TYHT,0
SHPG,0
SCVL,0
SHBI,0
SSTI,0
SFLY,0
SIFI,0
SIEB,0
SNNA,0
SIEN,0
BSRR,0
SRRA,0
SWIR,0
SIFY,0
SIGM,0
SGLB,0
SGLBW,0
SGMA,0
SBNY,0
SBNYW,0
SLGN,0
SILC,0
SLAB,0
SIMO,0
SPIL,0
SRUN,0
SRUNU,0
SRUNW,0
SAMG,0
SSNT,0
SFNC,0
SLP,0
SINA,0
SBGI,0
SINO,0
SVA,0
SIRI,0
SITO,0
SKYS,0
SKLN,0
SKYW,0
SWKS,0
SNBR,0
SLM,0
SLMBP,0
SGH,0
SND,0
SMBK,0
SMSI,0
SMTX,0
LNCE,0
SRAX,0
SCKT,0
SODA,0
SOHU,0
SLRC,0
SUNS,0
SEDG,0
SLNO,0
SLNOW,0
SNGX,0
SNGXW,0
SONC,0
SOFO,0
SNOA,0
SNOAW,0
SPHS,0
SORL,0
SRNE,0
SOHO,0
SOHOB,0
SOHOO,0
SFBC,0
SSB,0
SFST,0
SMBC,0
SONA,0
SBSI,0
SP,0
SGRP,0
SPKE,0
SPKEP,0
ONCE,0
SPAR,0
SPTN,0
DWFI,0
SPPI,0
SPRO,0
ANY,0
SPEX,0
SPI,0
SAVE,0
SPLK,0
SPOK,0
SPWH,0
SBPH,0
FUND,0
SFM,0
SPSC,0
SSNC,0
SSRM,0
STAA,0
STAF,0
STMP,0
STLY,0
SBLK,0
SBLKL,0
SBLKZ,0
SBUX,0
STFC,0
STBZ,0
STDY,0
GASS,0
STLD,0
SMRT,0
STLR,0
STLRU,0
STLRW,0
SBOT,0
STML,0
SRCL,0
SRCLP,0
SBT,0
STRL,0
SHOO,0
SSFN,0
SFIX,0
SYBT,0
BANX,0
SSKN,0
SSYS,0
STRT,0
STRS,0
STRA,0
STRM,0
SBBP,0
STB,0
SCMP,0
SUMR,0
SMMF,0
SSBI,0
SMMT,0
SNBC,0
SNHY,0
SNDE,0
SNSS,0
STKL,0
SPWR,0
RUN,0
SUNW,0
SMCI,0
SPCB,0
SCON,0
SGC,0
SUPN,0
SPRT,0
SGRY,0
SRDX,0
SBBX,0
SIVB,0
SYKE,0
SYMC,0
SYNC,0
SYNL,0
SYNA,0
SNCR,0
SNDX,0
SYNH,0
SGYP,0
SYBX,0
SNPS,0
SYNT,0
SES,0
SYPR,0
SYRS,0
TROW,0
TTOO,0
TRHC,0
TCMD,0
TAIT,0
TTWO,0
TLND,0
TNDM,0
TLF,0
TANH,0
TPIV,0
TEDU,0
TATT,0
TAYD,0
CGBD,0
TCPC,0
AMTD,0
PETZ,0
TECD,0
TCCO,0
TTGT,0
TGLS,0
TGEN,0
TNAV,0
TLGT,0
TELL,0
TENX,0
TERP,0
TBNK,0
TSRO,0
TSLA,0
TESS,0
TTEK,0
TTPH,0
TCBI,0
TCBIL,0
TCBIP,0
TCBIW,0
TXN,0
TXRH,0
TFSL,0
TGTX,0
ANDE,0
TBBK,0
BPRN,0
CG,0
TCGP,0
CAKE,0
CHEF,0
TCFC,0
DSGX,0
DXYN,0
ENSG,0
XONE,0
FINL,0
FBMS,0
FLIC,0
GT,0
HABT,0
HCKT,0
HAIN,0
CUBA,0
INTG,0
JYNT,0
KEYW,0
KHC,0
OLD,0
MSG,0
MDCO,0
MEET,0
MIK,0
MIDD,0
NAVG,0
SLIM,0
STKS,0
ORG,0
PCLN,0
PRSC,0
RMR,0
SMPL,0
SMPLW,0
TSG,0
TTD,0
ULTI,0
YORW,0
NCTY,0
TXMD,0
TRPX,0
TBPH,0
TST,0
TCRD,0
TICC,0
TICCL,0
TIG,0
TTS,0
TIL,0
TSBK,0
TNTR,0
TIPT,0
TITN,0
TTNP,0
TVTY,0
TIVO,0
TMUS,0
TOCA,0
TNXP,0
TISA,0
TOPS,0
TORM          ,0
TRCH,0
TRMD,0
TSEM,0
CLUB,0
TOWN,0
TPIC,0
TCON,0
TSCO,0
TWMC,0
TACT,0
TRNS,0
TGA,0
TA,0
TANNI,0
TANNL,0
TANNZ,0
TZOO,0
TRMT,0
TRVN,0
TCBK,0
TRIL,0
TRS,0
TRMB,0
TRIB,0
TRIP,0
TSC,0
TBK,0
TRVG,0
TRNC,0
TROV,0
TRUE,0
THST,0
TRUP,0
TRST,0
TRMK,0
TSRI,0
TTEC,0
TTMI,0
TCX,0
TUES,0
TOUR,0
HEAR,0
FOX,0
FOXA,0
TWIN,0
TRCB,0
TYME,0
USCR,0
PRTS,0
USEG,0
GROW,0
USAU,0
UBNT,0
UFPT,0
ULTA,0
UCTT,0
UPL,0
RARE,0
ULBI,0
UMBF,0
UMPQ,0
UNAM,0
UBSH,0
UNB,0
QURE,0
UBCP,0
UBOH,0
UBSI,0
UCBA,0
UCBI,0
UCFC,0
UBNK,0
UFCS,0
UIHC,0
UNFI,0
UBFO,0
USLM,0
UTHR,0
UG,0
UNIT,0
UNTY,0
OLED,0
UEIC,0
UFPI,0
ULH,0
USAP,0
UVSP,0
UPLD,0
UONE,0
UONEK,0
URBN,0
URGN,0
ECOL,0
USAT,0
USATP,0
USAK,0
UTMD,0
UTSI,0
VLRX,0
VALX,0
VALU,0
VNDA,0
BBH,0
GNRX,0
PPH,0
VWOB,0
VNQI,0
VCIT,0
VGIT,0
VIGI,0
VYMI,0
VCLT,0
VGLT,0
VMBS,0
VONE,0
VONG,0
VONV,0
VTWO,0
VTWG,0
VTWV,0
VTHR,0
VCSH,0
VTIP,0
VGSH,0
VTC,0
BNDX,0
VXUS,0
VEAC,0
VEACU,0
VEACW,0
VREX,0
VRNS,0
VDSI,0
VBLT,0
VBIV,0
VECO,0
DGLD,0
DSLV,0
UGLD,0
USLV,0
TVIZ,0
TVIX,0
ZIV,0
XIV,0
VIIZ,0
VIIX,0
VEON,0
VRA,0
VCYT,0
VSTM,0
VCEL,0
VRNT,0
VRSN,0
VRSK,0
VBTX,0
VERI,0
VRML,0
VRNA,0
VSAR,0
VTNR,0
VRTX,0
VERU,0
VIA,0
VIAB,0
VSAT,0
VIAV,0
VICL,0
VICR,0
CIZ,0
VSDA,0
CEY,0
CEZ,0
CID,0
CIL,0
CFO,0
CFA,0
CSF,0
CDC,0
CDL,0
VSMV,0
CSB,0
CSA,0
VBND,0
VUSE,0
VIDI,0
VDTH,0
VRAY,0
VKTX,0
VKTXW,0
VBFC,0
VLGEA,0
VNOM,0
VIRC,0
VIRT,0
VRTS,0
VRTSP,0
BBC,0
BBP,0
VRTU,0
VTGN,0
VC,0
VTL,0
VIVE,0
VVPR,0
VVUS,0
VOD,0
VOXX,0
VYGR,0
VSEC,0
VTVT,0
VUZI,0
WBA,0
WAFD,0
WAFDW,0
WASH,0
WSBF,0
WVE,0
WSTG,0
WCFB,0
WDFC,0
FLAG,0
WEB,0
WB,0
WEBK,0
WEN,0
WERN,0
WSBC,0
WTBA,0
WABC,0
WSTL,0
WDC,0
WNEB,0
WLB,0
WPRT,0
WWR,0
WEYS,0
WHLR,0
WHLRD,0
WHLRP,0
WHLRW,0
WHF,0
WHFBL,0
WHLM,0
WVVI,0
WVVIP,0
WLDN,0
WLFC,0
WLTW,0
WSC,0
WSCWW,0
WIN,0
WING,0
WINA,0
WINS,0
WTFC,0
WTFCM,0
WTFCW,0
AGZD,0
AGND,0
CXSE,0
EMCG,0
EMCB,0
DGRE,0
DXGE,0
HYZD,0
WETF,0
DXJS,0
GULF,0
HYND,0
DGRW,0
DGRS,0
DXPS,0
WIX,0
WMIH,0
WWD,0
WDAY,0
WKHS,0
WRLD,0
WPCS,0
WMGI,0
WMGIZ,0
WSFS,0
WSCI,0
WVFC,0
WYNN,0
XBIT,0
XELB,0
XEL,0
XCRA,0
XNCR,0
XBIO,0
XENE,0
XGTI,0
XGTIW,0
XLNX,0
USOI,0
GLDI,0
SLVO,0
XOMA,0
XPER,0
XPLR,0
XSPA,0
XTLB,0
XNET,0
YNDX,0
YERR,0
YTRA,0
YTEN,0
YIN,0
YOGA,0
YGYI,0
YRCW,0
YECO,0
YY,0
ZFGN,0
ZAGG,0
ZLAB,0
ZAIS,0
ZEAL,0
ZBRA,0
Z,0
ZG,0
ZN,0
ZNWAA,0
ZION,0
ZIONW,0
ZIONZ,0
ZIOP,0
ZIXI,0
ZKIN,0
ZGNX,0
ZSAN,0
ZUMZ,0
ZYNE,0
ZNGA,0